HS92,S3
010111,00151
010119,00151
010120,00152
010210,00111
010290,00119
010310,00131
010391,00139
010392,00139
010410,00121
010420,00122
010511,00141
010519,00141
010591,00149
010599,00149
010600,0019
020110,01111
020120,01111
020130,01112
020210,01121
020220,01121
020230,01122
020311,01221
020312,01221
020319,01221
020321,01222
020322,01222
020329,01222
020410,01211
020421,01211
020422,01211
020423,01211
020430,01212
020441,01212
020442,01212
020443,01212
020450,01213
020500,0124
020610,01251
020621,01252
020622,01252
020629,01252
020630,01253
020641,01254
020649,01254
020680,01255
020690,01256
020710,01231
020721,01232
020722,01232
020723,01232
020731,01233
020739,01234
020741,01235
020742,01235
020743,01235
020750,01236
020810,01291
020820,01292
020890,01299
020900,41131
021011,01611
021012,01612
021019,01619
021020,01681
021090,01689
030110,03411
030191,03411
030192,03411
030193,03411
030199,03411
030211,03412
030212,03412
030219,03412
030221,03413
030222,03413
030223,03413
030229,03413
030231,03414
030232,03414
030233,03414
030239,03414
030240,03415
030250,03416
030261,03415
030262,03418
030263,03418
030264,03417
030265,03418
030266,03418
030269,03418
030270,03419
030310,03421
030321,03421
030322,03421
030329,03421
030331,03422
030332,03422
030333,03422
030339,03422
030341,03423
030342,03423
030343,03423
030349,03423
030350,03424
030360,03425
030371,03424
030372,03428
030373,03428
030374,03426
030375,03428
030376,03428
030377,03428
030378,03427
030379,03428
030380,03429
030410,03451
030420,0344
030490,03455
030510,0355
030520,0354
030530,03512
030541,0353
030542,0353
030549,0353
030551,03511
030559,03513
030561,03529
030562,03521
030563,03522
030569,03529
030611,03619
030612,03619
030613,03611
030614,03619
030619,03619
030621,0362
030622,0362
030623,0362
030624,0362
030629,0362
030710,03631
030721,03635
030729,03639
030731,03635
030739,03639
030741,03633
030749,03637
030751,03633
030759,03637
030760,01293
030791,03635
030799,03639
040110,02211
040120,02212
040130,02213
040210,02221
040221,02222
040229,02222
040291,02223
040299,02224
040310,02231
040390,02232
040410,02241
040490,02249
040500,0230
040610,02491
040620,0241
040630,0242
040640,0243
040690,02499
040700,0251
040811,02521
040819,02522
040891,02521
040899,02522
040900,0616
041000,09892
050100,29191
050210,29192
050290,29192
050300,26851
050400,29193
050510,29195
050590,29195
050610,29111
050690,29111
050710,29116
050790,29116
050800,29115
050900,29197
051000,29198
051110,29194
051191,29196
051199,29199
060110,29261
060120,29261
060210,29269
060220,29269
060230,29269
060240,29269
060291,29269
060299,29269
060310,29271
060390,29271
060410,29272
060491,29272
060499,29272
070110,0541
070190,0541
070200,0544
070310,05451
070320,05452
070390,05452
070410,05453
070420,05453
070490,05453
070511,05454
070519,05454
070521,05454
070529,05454
070610,05455
070690,05455
070700,05456
070810,05457
070820,05457
070890,05457
070910,05459
070920,05459
070930,05459
070940,05459
070951,05458
070952,05458
070960,05459
070970,05459
070990,05459
071010,05469
071021,05469
071022,05469
071029,05469
071030,05469
071040,05461
071080,05469
071090,05469
071110,0547
071120,0547
071130,0547
071140,0547
071190,0547
071210,05611
071220,05612
071230,05613
071290,05619
071310,05421
071320,05422
071331,05423
071332,05423
071333,05423
071339,05423
071340,05424
071350,05425
071390,05429
071410,05481
071420,05483
071490,05483
080110,05771
080120,05772
080130,05773
080211,05774
080212,05774
080221,05775
080222,05775
080231,05776
080232,05776
080240,05777
080250,05778
080290,05779
080300,0573
080410,05796
080420,0576
080430,05795
080440,05797
080450,05797
080510,05711
080520,05712
080530,05721
080540,05722
080590,05729
080610,05751
080620,05752
080710,05791
080720,05791
080810,0574
080820,05792
080910,05793
080920,05793
080930,05793
080940,05793
081010,05794
081020,05794
081030,05794
081040,05794
081090,05798
081110,05831
081120,05832
081190,05839
081210,05821
081220,05821
081290,05821
081310,05799
081320,05799
081330,05799
081340,05799
081350,05799
081400,05822
090111,07111
090112,07112
090121,0712
090122,0712
090130,07113
090140,07132
090210,07411
090220,07412
090230,07413
090240,07414
090300,07431
090411,07511
090412,07512
090420,07513
090500,07521
090610,07522
090620,07523
090700,07524
090810,07525
090820,07525
090830,07525
090910,07526
090920,07526
090930,07526
090940,07526
090950,07526
091010,07527
091020,07528
091030,07529
091040,07528
091050,07529
091091,07529
091099,07529
100110,0411
100190,0412
100200,0451
100300,0430
100400,0452
100510,0441
100590,0449
100610,0421
100620,0422
100630,04231
100640,04232
100700,0453
100810,04592
100820,04591
100830,04593
100890,04599
110100,0461
110210,04719
110220,04711
110230,04719
110290,04719
110311,0462
110312,04722
110313,04721
110314,04722
110319,04722
110321,0462
110329,04729
110411,04813
110412,04813
110419,04813
110421,04814
110422,04814
110423,04814
110429,04814
110430,04815
110510,05641
110520,05642
110610,05646
110620,05647
110630,05648
110710,0482
110720,0482
110811,59211
110812,59212
110813,59213
110814,59214
110819,59215
110820,59216
110900,59217
120100,2222
120210,22211
120220,22212
120300,2231
120400,2234
120500,22261
120600,2224
120710,2232
120720,2223
120730,2235
120740,2225
120750,22262
120760,2227
120791,2237
120792,2237
120799,2237
120810,2239
120890,2239
120911,29251
120919,29254
120921,29252
120922,29252
120923,29252
120924,29252
120925,29252
120926,29252
120929,29252
120930,29253
120991,29254
120999,29259
121010,05484
121020,05484
121110,29241
121120,29242
121190,29249
121210,05489
121220,29297
121230,05485
121291,05487
121292,05488
121299,05489
121300,08111
121410,08112
121490,08113
130110,29221
130120,29222
130190,29229
130211,29294
130212,29294
130213,29294
130214,29294
130219,29294
130220,29295
130231,29296
130232,29296
130239,29296
140110,29231
140120,29232
140190,29239
140210,29292
140291,29292
140299,29292
140310,29293
140390,29293
140410,29299
140420,2632
140490,29299
150100,4112
150200,41132
150300,41133
150410,41111
150420,41112
150430,41113
150510,41134
150590,41135
150600,41139
150710,42111
150790,42119
150810,42131
150890,42139
150910,42141
150990,42142
151000,42149
151110,42221
151190,42229
151211,42151
151219,42159
151221,42121
151229,42129
151311,42231
151319,42239
151321,42241
151329,42249
151410,42171
151490,42179
151511,42211
151519,42219
151521,42161
151529,42169
151530,4225
151540,42291
151550,4218
151560,42299
151590,42299
151610,43121
151620,43122
151710,09101
151790,09109
151800,4311
151911,43131
151912,43131
151913,43131
151919,43131
151920,43131
151930,51217
152010,51222
152090,51222
152110,43141
152190,43142
152200,43133
160100,0172
160210,09811
160220,0173
160231,0174
160239,0174
160241,0175
160242,0175
160249,0175
160250,0176
160290,0179
160300,0171
160411,03711
160412,03712
160413,03712
160414,03713
160415,03714
160416,03715
160419,03715
160420,03716
160430,03717
160510,03721
160520,03721
160530,03721
160540,03721
160590,03722
170111,06111
170112,06112
170191,06121
170199,06129
170210,06191
170220,06192
170230,06193
170240,06194
170250,06195
170260,06196
170290,06199
170310,06151
170390,06159
170410,06221
170490,06229
180100,0721
180200,0725
180310,07231
180320,07232
180400,0724
180500,0722
180610,0731
180620,0732
180631,0733
180632,0733
180690,0739
190110,09893
190120,0485
190190,09894
190211,0483
190219,0483
190220,09891
190230,09891
190240,09891
190300,05645
190410,04811
190490,04812
190510,04841
190520,04842
190530,04842
190540,04841
190590,04849
200110,05671
200120,05671
200190,05671
200210,05672
200290,05673
200310,05674
200320,05674
200410,05661
200490,05669
200510,09812
200520,05676
200530,05675
200540,05679
200551,05679
200559,05679
200560,05679
200570,05679
200580,05677
200590,05679
200600,0621
200710,09813
200791,0581
200799,0581
200811,05892
200819,05892
200820,05893
200830,05894
200840,05896
200850,05895
200860,05895
200870,05895
200880,05896
200891,05896
200892,05897
200899,05896
200911,0591
200919,0591
200920,0592
200930,0593
200940,05991
200950,05992
200960,05993
200970,05994
200980,05995
200990,05996
210110,07131
210120,07432
210130,07133
210210,0986
210220,0986
210230,0986
210310,09841
210320,09842
210330,09843
210390,09849
210410,0985
210420,09814
210500,02233
210610,09899
210690,09899
220110,11101
220190,11101
220210,11102
220290,11102
220300,1123
220410,11215
220421,11217
220429,11217
220430,11211
220510,11213
220590,11213
220600,1122
220710,51215
220720,51216
220810,11243
220820,11242
220830,11241
220840,11244
220850,11245
220890,11249
220900,09844
230110,08141
230120,08142
230210,08124
230220,08125
230230,08126
230240,08129
230250,08123
230310,08151
230320,08152
230330,08153
230400,08131
230500,08132
230610,08133
230620,08134
230630,08135
230640,08136
230650,08137
230660,08138
230690,08139
230700,08194
230810,08119
230890,08119
230910,08195
230990,08199
240110,1211
240120,1212
240130,1213
240210,1221
240220,1222
240290,12231
240310,12232
240391,12239
240399,12239
250100,2783
250200,2742
250310,27411
250390,27419
250410,27822
250490,27822
250510,27331
250590,27339
250610,27851
250621,27851
250629,27851
250700,27826
250810,27827
250820,27829
250830,27829
250840,27829
250850,27829
250860,27829
250870,27829
250900,27891
251010,27231
251020,27232
251110,27892
251120,27892
251200,27895
251311,27722
251319,27729
251321,27722
251329,27729
251400,27311
251511,27312
251512,27312
251520,27312
251611,27313
251612,27313
251621,27313
251622,27313
251690,27313
251710,2734
251720,2734
251730,2734
251741,2734
251749,2734
251810,27823
251820,27823
251830,27823
251910,27824
251990,27825
252010,27323
252020,27324
252100,27322
252210,66111
252220,66112
252230,66113
252310,66121
252321,66122
252329,66122
252330,66123
252390,66129
252400,2784
252510,27852
252520,27852
252530,27852
252610,27893
252620,27893
252700,27855
252810,27894
252890,27894
252910,27853
252921,27854
252922,27854
252930,27853
253010,27898
253020,27899
253030,27899
253040,27899
253090,27899
260111,2815
260112,2816
260120,2814
260200,2877
260300,2831
260400,2841
260500,28793
260600,2851
260700,2874
260800,2875
260900,2876
261000,28791
261100,28792
261210,2861
261220,2862
261310,28781
261390,28782
261400,28783
261510,28784
261590,28785
261610,28911
261690,28919
261710,28799
261790,28799
261800,27861
261900,27862
262011,2881
262019,2881
262020,2881
262030,2881
262040,2881
262050,2881
262090,2881
262100,27869
270111,3211
270112,32121
270119,32122
270120,3221
270210,32221
270220,32222
270300,3223
270400,3250
270500,3450
270600,33521
270710,33522
270720,33523
270730,33524
270740,33525
270750,33525
270760,33525
270791,33525
270799,33525
270810,33531
270820,33532
270900,3330
271000,334
271011,33411
271012,33411
271013,33411
271014,33412
271015,33419
271016,33419
271019,33419
271021,33421
271022,33421
271025,33429
271026,3343
271027,3343
271029,3344
271091,3344
271093,3344
271094,3344
271095,3345
271096,3345
271099,3345
271111,3431
271112,3421
271113,3425
271114,3441
271119,3442
271121,3432
271129,3449
271210,33511
271220,33512
271290,33512
271311,33542
271312,33542
271320,33541
271390,33541
271410,27896
271490,27897
271500,33543
271600,3510
280110,52224
280120,52225
280130,52225
280200,52226
280300,5221
280410,52221
280421,52221
280429,52221
280430,52221
280440,52221
280450,52222
280461,52223
280469,52223
280470,52222
280480,52222
280490,52222
280511,52228
280519,52228
280521,52229
280522,52229
280530,52229
280540,52227
280610,52231
280620,52231
280700,52232
280800,52233
280910,52234
280920,52234
281000,52235
281111,52236
281119,52236
281121,52239
281122,52237
281123,52238
281129,52239
281210,52241
281290,52241
281310,52242
281390,52242
281410,52261
281420,52261
281511,52262
281512,52263
281520,52264
281530,52264
281610,52265
281620,52265
281630,52265
281700,52251
281810,52267
281820,2852
281830,52266
281910,52252
281990,52252
282010,52253
282090,52253
282110,52254
282120,52254
282200,52255
282300,52256
282410,52257
282420,52257
282490,52257
282510,52268
282520,52269
282530,52269
282540,52269
282550,52269
282560,52269
282570,52269
282580,52269
282590,52269
282611,5231
282612,5231
282619,5231
282620,5231
282630,5231
282690,5231
282710,52321
282720,52322
282731,52329
282732,52329
282733,52329
282734,52329
282735,52329
282736,52329
282737,52329
282738,52329
282739,52329
282741,52329
282749,52329
282751,52329
282759,52329
282760,52329
282810,52331
282890,52331
282911,52332
282919,52339
282990,52339
283010,52341
283020,52342
283030,52342
283090,52342
283110,52343
283190,52343
283210,52344
283220,52344
283230,52344
283311,52345
283319,52345
283321,52349
283322,52349
283323,52349
283324,52349
283325,52349
283326,52349
283327,52349
283329,52349
283330,52349
283340,52349
283410,52351
283421,52352
283422,52359
283429,52359
283510,52361
283521,52362
283522,52363
283523,52363
283524,52363
283525,52363
283526,52363
283529,52363
283531,52364
283539,52365
283610,52371
283620,52372
283630,52373
283640,52374
283650,52379
283660,52379
283670,52375
283691,52379
283692,52379
283693,52379
283699,52379
283711,52381
283719,52381
283720,52381
283800,52382
283911,52383
283919,52383
283920,52383
283990,52383
284011,52384
284019,52384
284020,52384
284030,52384
284110,52431
284120,52431
284130,52431
284140,52431
284150,52431
284160,52431
284170,52431
284180,52431
284190,52431
284210,52389
284290,52389
284310,52432
284321,52432
284329,52432
284330,52432
284390,52432
284410,52511
284420,52513
284430,52515
284440,52519
284450,52517
284510,52591
284590,52591
284610,52595
284690,52595
284700,52491
284810,52492
284890,52492
284910,52493
284920,52494
284990,52494
285000,52495
285100,52499
290110,51114
290121,51111
290122,51112
290123,51113
290124,51113
290129,51119
290211,51121
290219,51129
290220,51122
290230,51123
290241,51124
290242,51124
290243,51124
290244,51124
290250,51125
290260,51126
290270,51127
290290,51129
290311,51136
290312,51136
290313,51136
290314,51136
290315,51135
290316,51136
290319,51136
290321,51131
290322,51132
290323,51133
290329,51134
290330,51137
290340,51138
290351,51139
290359,51139
290361,51139
290362,51139
290369,51139
290410,5114
290420,5114
290490,5114
290511,51211
290512,51212
290513,51213
290514,51213
290515,51219
290516,51214
290517,51219
290519,51219
290521,51219
290522,51219
290529,51219
290531,51221
290532,51229
290539,51229
290541,51229
290542,51223
290543,51224
290544,51225
290549,51229
290550,51229
290611,51231
290612,51231
290613,51231
290614,51231
290619,51231
290621,51235
290629,51235
290711,51241
290712,51242
290713,51243
290714,51243
290715,51243
290719,51243
290721,51243
290722,51243
290723,51243
290729,51243
290730,51243
290810,51244
290820,51244
290890,51244
290911,51616
290919,51616
290920,51616
290930,51616
290941,51617
290942,51617
290943,51617
290944,51617
290949,51617
290950,51617
290960,51617
291010,51613
291020,51614
291030,51615
291090,51615
291100,51612
291211,51621
291212,51621
291213,51621
291219,51621
291221,51622
291229,51622
291230,51622
291241,51622
291242,51622
291249,51622
291250,51622
291260,51622
291300,51626
291411,51623
291412,51624
291413,51625
291419,51625
291421,51627
291422,51628
291423,51628
291429,51628
291430,51629
291441,51629
291449,51629
291450,51629
291461,51629
291469,51629
291470,51629
291511,51374
291512,51374
291513,51374
291521,51371
291522,51371
291523,51371
291524,51377
291529,51371
291531,51372
291532,51372
291533,51372
291534,51372
291535,51372
291539,51372
291540,51377
291550,51377
291560,51375
291570,51376
291590,51377
291611,51379
291612,51379
291613,51373
291614,51373
291615,51378
291619,51379
291620,51379
291631,51379
291632,51379
291633,51379
291639,51379
291711,51389
291712,51389
291713,51389
291714,51381
291719,51389
291720,51385
291731,51389
291732,51383
291733,51389
291734,51389
291735,51382
291736,51389
291737,51384
291739,51389
291811,51391
291812,51391
291813,51391
291814,51391
291815,51391
291816,51392
291817,51392
291819,51392
291821,51393
291822,51393
291823,51393
291829,51394
291830,51395
291890,51396
291900,51631
292010,51639
292090,51639
292111,51451
292112,51451
292119,51451
292121,51452
292122,51452
292129,51452
292130,51453
292141,51454
292142,51454
292143,51454
292144,51454
292145,51454
292149,51454
292151,51455
292159,51455
292211,51461
292212,51461
292213,51461
292219,51461
292221,51462
292222,51462
292229,51462
292230,51463
292241,51464
292242,51464
292249,51465
292250,51467
292310,51481
292320,51481
292390,51481
292410,51471
292421,51473
292429,51479
292511,51482
292519,51482
292520,51482
292610,51483
292620,51484
292690,51484
292700,51485
292800,51486
292910,51489
292990,51489
293010,51541
293020,51542
293030,51543
293040,51544
293090,51549
293100,5155
293211,51569
293212,51569
293213,51569
293219,51569
293221,51562
293229,51563
293290,51569
293311,51571
293319,51571
293321,51572
293329,51573
293331,51574
293339,51574
293340,51575
293351,51576
293359,51576
293361,51576
293369,51576
293371,51561
293379,51561
293390,51577
293410,51579
293420,51579
293430,51578
293490,51579
293500,5158
293610,54111
293621,54112
293622,54113
293623,54113
293624,54113
293625,54113
293626,54113
293627,54114
293628,54115
293629,54116
293690,54117
293710,54152
293721,54153
293722,54153
293729,54153
293791,54151
293792,54159
293799,54159
293810,54161
293890,54161
293910,54141
293921,54142
293929,54142
293930,54143
293940,54144
293950,54145
293960,54146
293970,54147
293990,54149
294000,51692
294110,54131
294120,54132
294130,54133
294140,54139
294150,54139
294190,54139
294200,51699
300110,54162
300120,54162
300190,54162
300210,54163
300220,54163
300231,54163
300239,54163
300290,54164
300310,54211
300320,54212
300331,54221
300339,54222
300340,54231
300390,54291
300410,54213
300420,54219
300431,54223
300432,54224
300439,54229
300440,54232
300450,54292
300490,54293
300510,54191
300590,54191
300610,54199
300620,54192
300630,54193
300640,54199
300650,54199
300660,54199
310100,2721
310210,56216
310221,56213
310229,56212
310230,56211
310240,56219
310250,2722
310260,56214
310270,56215
310280,56217
310290,56219
310310,56222
310320,56221
310390,56229
310410,2724
310420,56231
310430,56232
310490,56239
310510,56296
310520,56291
310530,56293
310540,56294
310551,56295
310559,56295
310560,56292
310590,56299
320110,53221
320120,53221
320130,53221
320190,53221
320210,53231
320290,53232
320300,53222
320411,53111
320412,53112
320413,53113
320414,53114
320415,53115
320416,53116
320417,53117
320419,53119
320420,53121
320490,53121
320500,53122
320610,53311
320620,53312
320630,53313
320641,53314
320642,53315
320643,53316
320649,53317
320650,53318
320710,53351
320720,53351
320730,53351
320740,53351
320810,53342
320820,53342
320890,53342
320910,53341
320990,53341
321000,53343
321100,53353
321210,53344
321290,53344
321310,53352
321390,53352
321410,53354
321490,53354
321511,53321
321519,53329
321590,89591
330111,55131
330112,55131
330113,55131
330114,55131
330119,55131
330121,55132
330122,55132
330123,55132
330124,55132
330125,55132
330126,55132
330129,55132
330130,55133
330190,55135
330210,55141
330290,55149
330300,5531
330410,5532
330420,5532
330430,5532
330491,5532
330499,5532
330510,5533
330520,5533
330530,5533
330590,5533
330610,5534
330690,5534
330710,55351
330720,55352
330730,55353
330741,55354
330749,55354
330790,55359
340111,55411
340119,55415
340120,55419
340211,55421
340212,55421
340213,55421
340219,55421
340220,55422
340290,55423
340311,59771
340319,59772
340391,59773
340399,59774
340410,59831
340420,59835
340490,59839
340510,55431
340520,55432
340530,55433
340540,55434
340590,55435
340600,89931
340700,59895
350110,59221
350190,59222
350210,0253
350290,59223
350300,59224
350400,59225
350510,59226
350520,59227
350610,59229
350691,59229
350699,59229
350710,51691
350790,51691
360100,59311
360200,59312
360300,5932
360410,59331
360490,59333
360500,89932
360610,89934
360690,89939
370110,8822
370120,8822
370130,8822
370191,8822
370199,8822
370210,8823
370220,8823
370231,8823
370232,8823
370239,8823
370241,8823
370242,8823
370243,8823
370244,8823
370251,8823
370252,8823
370253,8823
370254,8823
370255,8823
370256,8823
370291,8823
370292,8823
370293,8823
370294,8823
370295,8823
370310,8824
370320,8824
370390,8824
370400,8825
370510,8826
370520,8826
370590,8826
370610,8831
370690,8839
370710,8821
370790,8821
380110,59861
380120,59861
380130,59861
380190,59861
380210,59864
380290,59865
380300,59811
380400,59812
380510,59813
380520,59813
380590,59813
380610,59814
380620,59814
380630,59814
380690,59814
380700,59818
380810,5911
380820,5912
380830,5913
380840,59141
380890,59149
380910,59891
380991,59891
380992,59891
380993,59891
380999,59891
381010,59896
381090,59896
381111,59721
381119,59721
381121,59725
381129,59725
381190,59729
381210,59863
381220,59893
381230,59893
381300,59894
381400,53355
381511,59881
381512,59883
381519,59885
381590,59889
381600,66233
381710,59841
381720,59845
381800,5985
381900,59731
382000,59733
382100,59867
382200,59869
382310,59899
382320,59899
382330,59899
382340,59897
382350,59898
382360,59899
382390,59899
390110,57111
390120,57112
390130,5712
390190,5719
390210,57511
390220,57512
390230,57513
390290,57519
390311,57211
390319,57219
390320,57291
390330,57292
390390,57299
390410,57311
390421,57312
390422,57313
390430,57391
390440,57392
390450,57393
390461,57394
390469,57394
390490,57399
390511,57591
390519,57591
390520,57592
390590,57592
390610,57521
390690,57529
390710,57411
390720,57419
390730,5742
390740,57431
390750,57432
390760,57433
390791,57434
390799,57439
390810,57531
390890,57539
390910,57541
390920,57542
390930,57543
390940,57544
390950,57545
391000,57593
391110,57596
391190,57596
391211,57551
391212,57552
391220,57553
391231,57554
391239,57554
391290,57559
391310,57594
391390,57595
391400,57597
391510,5791
391520,5792
391530,5793
391590,5799
391610,5831
391620,5832
391690,5839
391710,5811
391721,5812
391722,5812
391723,5812
391729,5812
391731,5813
391732,5814
391733,5815
391739,5816
391740,5817
391810,89331
391890,89331
391910,58211
391990,58219
392010,58221
392020,58222
392030,58223
392041,58224
392042,58224
392051,58225
392059,58225
392061,58226
392062,58226
392063,58226
392069,58226
392071,58228
392072,58227
392073,58228
392079,58228
392091,58229
392092,58229
392093,58229
392094,58229
392099,58229
392111,58291
392112,58291
392113,58291
392114,58291
392119,58291
392190,58299
392210,89321
392220,89321
392290,89321
392310,89319
392321,89311
392329,89311
392330,89319
392340,89319
392350,89319
392390,89319
392410,89332
392490,89332
392510,89329
392520,89329
392530,89329
392590,89329
392610,89394
392620,84821
392630,89395
392640,89399
392690,89399
400110,2311
400121,23121
400122,23125
400129,23129
400130,2313
400211,23211
400219,23211
400220,23212
400231,23213
400239,23213
400241,23214
400249,23214
400251,23215
400259,23215
400260,23216
400270,23217
400280,23218
400291,23219
400299,23219
400300,23221
400400,23222
400510,62111
400520,62112
400591,62119
400599,62119
400610,62121
400690,62129
400700,62131
400811,62132
400819,62132
400821,62133
400829,62133
400910,62141
400920,62142
400930,62143
400940,62144
400950,62145
401010,62921
401091,62929
401099,62929
401110,6251
401120,6252
401130,6253
401140,62541
401150,62542
401191,62551
401199,62559
401210,62592
401220,62593
401290,62594
401310,62591
401320,62591
401390,62591
401410,62911
401490,62919
401511,84822
401519,84822
401590,84829
401610,62992
401691,62999
401692,62999
401693,62999
401694,62999
401695,62999
401699,62999
401700,62991
410110,2112
410121,21111
410122,21111
410129,21111
410130,21112
410140,21113
410210,2116
410221,2117
410229,2117
410310,2114
410320,21199
410390,21199
410410,6113
410421,61141
410422,61141
410429,61141
410431,61142
410439,61142
410511,61151
410512,61151
410519,61151
410520,61152
410611,61161
410612,61161
410619,61161
410620,61162
410710,61171
410721,61172
410729,61172
410790,61179
410800,61181
410900,61183
411000,21191
411100,6112
420100,6122
420211,83121
420212,83122
420219,83129
420221,83111
420222,83112
420229,83119
420231,83191
420232,83191
420239,83191
420291,83199
420292,83199
420299,83199
420310,84811
420321,89477
420329,84812
420330,84813
420340,84819
420400,6121
420500,6129
420610,89991
420690,89991
430110,2121
430120,21221
430130,21222
430140,21223
430150,21224
430160,21225
430170,21226
430180,21229
430190,2123
430211,61311
430212,61312
430213,61313
430219,61319
430220,6132
430230,6133
430310,84831
430390,84831
430400,84832
440110,24501
440121,24611
440122,24615
440130,2462
440200,24502
440310,2473
440320,2474
440331,24751
440332,24751
440333,24751
440334,24751
440335,24751
440391,24752
440392,24752
440399,24752
440410,63491
440420,63491
440500,63493
440610,24811
440690,24819
440710,2482
440721,2484
440722,2484
440723,2484
440791,2484
440792,2484
440799,2484
440810,63411
440820,63412
440890,63412
440910,2483
440920,2485
441010,63422
441090,63423
441111,63451
441119,63451
441121,63452
441129,63452
441131,63453
441139,63453
441191,63459
441199,63459
441211,63431
441212,63431
441219,63439
441221,63441
441229,63441
441291,63449
441299,63449
441300,63421
441400,63541
441510,63511
441520,63512
441600,6352
441700,63591
441810,63531
441820,63532
441830,63539
441840,63539
441850,63533
441890,63539
441900,63542
442010,63549
442090,63549
442110,63599
442190,63599
450110,24403
450190,24404
450200,24402
450310,63311
450390,63319
450410,63321
450490,63329
460110,89973
460120,89974
460191,89979
460199,89979
460210,89971
460290,89971
470100,2512
470200,2513
470311,25141
470319,25142
470321,25151
470329,25152
470411,25161
470419,25161
470421,25162
470429,25162
470500,25191
470610,25192
470691,25192
470692,25192
470693,25192
470710,25111
470720,25112
470730,25113
470790,25119
480100,6411
480210,64121
480220,64122
480230,64123
480240,64124
480251,64125
480252,64126
480253,64127
480260,64129
480300,64163
480411,64141
480419,64141
480421,64142
480429,64142
480431,64146
480439,64146
480441,64147
480442,64147
480449,64147
480451,64148
480452,64148
480459,64148
480510,64151
480521,64154
480522,64154
480523,64154
480529,64154
480530,64152
480540,64156
480550,64156
480560,64157
480570,64158
480580,64159
480610,64153
480620,64153
480630,64153
480640,64153
480710,64191
480791,64192
480799,64192
480810,64164
480820,64161
480830,64162
480890,64169
480910,64131
480920,64131
480990,64131
481011,64132
481012,64133
481021,64134
481029,64134
481031,64174
481032,64175
481039,64176
481091,64177
481099,64177
481110,64173
481121,64178
481129,64178
481131,64171
481139,64172
481140,64179
481190,64179
481200,64193
481310,64241
481320,64241
481390,64155
481410,64194
481420,64194
481430,64194
481490,64194
481500,65911
481610,64242
481620,64242
481630,64242
481690,64242
481710,64221
481720,64222
481730,64223
481810,64243
481820,64294
481830,64294
481840,64295
481850,64294
481890,64294
481910,64211
481920,64212
481930,64213
481940,64214
481950,64215
481960,64216
482010,64231
482020,64232
482030,64233
482040,64234
482050,64235
482090,64239
482110,89281
482190,89281
482210,64291
482290,64291
482311,64244
482319,64244
482320,64245
482330,64292
482340,64299
482351,64248
482359,64248
482360,64293
482370,64299
482390,64299
490110,89215
490191,89216
490199,89219
490210,89221
490290,89229
490300,89212
490400,89285
490510,89214
490591,89213
490599,89214
490600,89282
490700,89283
490810,89241
490890,89241
490900,89242
491000,89284
491110,89286
491191,89287
491199,89289
500100,26141
500200,2613
500310,26142
500390,26149
500400,65192
500500,65193
500600,65194
500710,65411
500720,65413
500790,65419
510111,26811
510119,26819
510121,26821
510129,26821
510130,26829
510210,2683
510220,26859
510310,26863
510320,26869
510330,26869
510400,26862
510510,26871
510521,26871
510529,26873
510530,26877
510540,26877
510610,65112
510620,65117
510710,65113
510720,65118
510810,65114
510820,65114
510910,65116
510990,65119
511000,65115
511111,65421
511119,65421
511120,65431
511130,65431
511190,65433
511211,65422
511219,65422
511220,65432
511230,65432
511290,65434
511300,65492
520100,2631
520210,26331
520291,26332
520299,26339
520300,2634
520411,65121
520419,65121
520420,65122
520511,65133
520512,65133
520513,65133
520514,65133
520515,65133
520521,65133
520522,65133
520523,65133
520524,65133
520525,65133
520531,65133
520532,65133
520533,65133
520534,65133
520535,65133
520541,65133
520542,65133
520543,65133
520544,65133
520545,65133
520611,65134
520612,65134
520613,65134
520614,65134
520615,65134
520621,65134
520622,65134
520623,65134
520624,65134
520625,65134
520631,65134
520632,65134
520633,65134
520634,65134
520635,65134
520641,65134
520642,65134
520643,65134
520644,65134
520645,65134
520710,65131
520790,65132
520811,65221
520812,65221
520813,65221
520819,65221
520821,65231
520822,65231
520823,65231
520829,65231
520831,65232
520832,65232
520833,65232
520839,65232
520841,65233
520842,65233
520843,65233
520849,65233
520851,65234
520852,65234
520853,65234
520859,65234
520911,65222
520912,65222
520919,65222
520921,65241
520922,65241
520929,65241
520931,65242
520932,65242
520939,65242
520941,65244
520942,65243
520943,65244
520949,65244
520951,65245
520952,65245
520959,65245
521011,65223
521012,65223
521019,65223
521021,65251
521022,65251
521029,65251
521031,65252
521032,65252
521039,65252
521041,65253
521042,65253
521049,65253
521051,65254
521052,65254
521059,65254
521111,65224
521112,65224
521119,65224
521121,65261
521122,65261
521129,65261
521131,65262
521132,65262
521139,65262
521141,65264
521142,65263
521143,65264
521149,65264
521151,65265
521152,65265
521159,65265
521211,65225
521212,65291
521213,65292
521214,65293
521215,65294
521221,65226
521222,65295
521223,65296
521224,65297
521225,65298
530110,26511
530121,26512
530129,26512
530130,26513
530210,26521
530290,26529
530310,2641
530390,2649
530410,26541
530490,26549
530511,26571
530519,26579
530521,26551
530529,26559
530591,26581
530599,26589
530610,65196
530620,65196
530710,65197
530720,65197
530810,65199
530820,65199
530830,65199
530890,65199
530911,65441
530919,65441
530921,65442
530929,65442
531010,6545
531090,6545
531100,65493
540110,65141
540120,65142
540210,65162
540220,65162
540231,65151
540232,65151
540233,65152
540239,65159
540241,65163
540242,65163
540243,65163
540249,65163
540251,65164
540252,65164
540259,65164
540261,65169
540262,65169
540269,65169
540310,65173
540320,65172
540331,65174
540332,65175
540333,65175
540339,65175
540341,65176
540342,65176
540349,65176
540410,65188
540490,65188
540500,65177
540610,65161
540620,65171
540710,65311
540720,65312
540730,65313
540741,65314
540742,65314
540743,65314
540744,65314
540751,65315
540752,65315
540753,65315
540754,65315
540760,65316
540771,65317
540772,65317
540773,65317
540774,65317
540781,65318
540782,65318
540783,65318
540784,65318
540791,65319
540792,65319
540793,65319
540794,65319
540810,65351
540821,65352
540822,65352
540823,65352
540824,65352
540831,65359
540832,65359
540833,65359
540834,65359
550110,26661
550120,26662
550130,26663
550190,26669
550200,26712
550310,26651
550320,26652
550330,26653
550340,26659
550390,26659
550410,26711
550490,26711
550510,26721
550520,26722
550610,26671
550620,26672
550630,26673
550690,26679
550700,26713
550810,65143
550820,65144
550911,65182
550912,65182
550921,65182
550922,65182
550931,65182
550932,65182
550941,65182
550942,65182
550951,65184
550952,65184
550953,65184
550959,65184
550961,65184
550962,65184
550969,65184
550991,65184
550992,65184
550999,65184
551011,65186
551012,65186
551020,65187
551030,65187
551090,65187
551110,65181
551120,65183
551130,65185
551211,65321
551219,65321
551221,65325
551229,65325
551291,65329
551299,65329
551311,65331
551312,65331
551313,65331
551319,65332
551321,65331
551322,65331
551323,65331
551329,65332
551331,65331
551332,65331
551333,65331
551339,65332
551341,65331
551342,65331
551343,65331
551349,65332
551411,65333
551412,65333
551413,65333
551419,65334
551421,65333
551422,65333
551423,65333
551429,65334
551431,65333
551432,65333
551433,65333
551439,65334
551441,65333
551442,65333
551443,65333
551449,65334
551511,65343
551512,65342
551513,65341
551519,65343
551521,65342
551522,65341
551529,65343
551591,65342
551592,65341
551599,65343
551611,6536
551612,6536
551613,6536
551614,6536
551621,65383
551622,65383
551623,65383
551624,65383
551631,65382
551632,65382
551633,65382
551634,65382
551641,65381
551642,65381
551643,65381
551644,65381
551691,65389
551692,65389
551693,65389
551694,65389
560110,65771
560121,65771
560122,65771
560129,65771
560130,65771
560210,65711
560221,65712
560229,65712
560290,65719
560300,6572
560410,65781
560420,65785
560490,65789
560500,65191
560600,65631
560710,65751
560721,65751
560729,65751
560730,65751
560741,65751
560749,65751
560750,65751
560790,65751
560811,65752
560819,65752
560890,65752
560900,65759
570110,65921
570190,65929
570210,6593
570220,65959
570231,65951
570232,65952
570239,65959
570241,65951
570242,65952
570249,65959
570251,65951
570252,65952
570259,65959
570291,65951
570292,65952
570299,65959
570310,65941
570320,65942
570330,65943
570390,65949
570410,65961
570490,65961
570500,65969
580110,65435
580121,65214
580122,65215
580123,65215
580124,65214
580125,65215
580126,65215
580131,65391
580132,65393
580133,65393
580134,65391
580135,65393
580136,65393
580190,65495
580211,65212
580219,65213
580220,65496
580230,65497
580310,65211
580390,65494
580410,65641
580421,65642
580429,65642
580430,65643
580500,65891
580610,65611
580620,65612
580631,65613
580632,65613
580639,65613
580640,65614
580710,65621
580790,65629
580810,65632
580890,65632
580900,65491
581010,65651
581091,65659
581092,65659
581099,65659
581100,6574
590110,65731
590190,65731
590210,65793
590220,65793
590290,65793
590310,65732
590320,65732
590390,65732
590410,65912
590491,65912
590492,65912
590500,65735
590610,65733
590691,65733
590699,65733
590700,65734
590800,65772
590900,65791
591000,65792
591110,65773
591120,65773
591131,65773
591132,65773
591140,65773
591190,65773
600110,65511
600121,65512
600122,65512
600129,65512
600191,65519
600192,65519
600199,65519
600210,65521
600220,65521
600230,65522
600241,65523
600242,65523
600243,65523
600249,65523
600291,65529
600292,65529
600293,65529
600299,65529
610110,8431
610120,8431
610130,8431
610190,8431
610210,8441
610220,8441
610230,8441
610290,8441
610311,84321
610312,84321
610319,84321
610321,84322
610322,84322
610323,84322
610329,84322
610331,84323
610332,84323
610333,84323
610339,84323
610341,84324
610342,84324
610343,84324
610349,84324
610411,84421
610412,84421
610413,84421
610419,84421
610421,84422
610422,84422
610423,84422
610429,84422
610431,84423
610432,84423
610433,84423
610439,84423
610441,84424
610442,84424
610443,84424
610444,84424
610449,84424
610451,84425
610452,84425
610453,84425
610459,84425
610461,84426
610462,84426
610463,84426
610469,84426
610510,84371
610520,84379
610590,84379
610610,8447
610620,8447
610690,8447
610711,84381
610712,84381
610719,84381
610721,84382
610722,84382
610729,84382
610791,84389
610792,84389
610799,84389
610811,84481
610819,84481
610821,84482
610822,84482
610829,84482
610831,84483
610832,84483
610839,84483
610891,84489
610892,84489
610899,84489
610910,8454
610990,8454
611010,8453
611020,8453
611030,8453
611090,8453
611110,84512
611120,84512
611130,84512
611190,84512
611211,84591
611212,84591
611219,84591
611220,84592
611231,84562
611239,84562
611241,84564
611249,84564
611300,84524
611410,84599
611420,84599
611430,84599
611490,84599
611511,84621
611512,84621
611519,84621
611520,84622
611591,84629
611592,84629
611593,84629
611599,84629
611610,84691
611691,84692
611692,84692
611693,84692
611699,84692
611710,84693
611720,84694
611780,84699
611790,84699
620111,84111
620112,84112
620113,84112
620119,84112
620191,84119
620192,84119
620193,84119
620199,84119
620211,84211
620212,84211
620213,84211
620219,84211
620291,84219
620292,84219
620293,84219
620299,84219
620311,84121
620312,84122
620319,84122
620321,84123
620322,84123
620323,84123
620329,84123
620331,8413
620332,8413
620333,8413
620339,8413
620341,8414
620342,8414
620343,8414
620349,8414
620411,84221
620412,84221
620413,84221
620419,84221
620421,84222
620422,84222
620423,84222
620429,84222
620431,8423
620432,8423
620433,8423
620439,8423
620441,8424
620442,8424
620443,8424
620444,8424
620449,8424
620451,8425
620452,8425
620453,8425
620459,8425
620461,8426
620462,8426
620463,8426
620469,8426
620510,84159
620520,84151
620530,84159
620590,84159
620610,8427
620620,8427
620630,8427
620640,8427
620690,8427
620711,84161
620719,84161
620721,84162
620722,84162
620729,84162
620791,84169
620792,84169
620799,84169
620811,84281
620819,84281
620821,84282
620822,84282
620829,84282
620891,84289
620892,84289
620899,84289
620910,84511
620920,84511
620930,84511
620990,84511
621010,84521
621020,84522
621030,84523
621040,84522
621050,84523
621111,84561
621112,84563
621120,84581
621131,84587
621132,84587
621133,84587
621139,84587
621141,84589
621142,84589
621143,84589
621149,84589
621210,84551
621220,84552
621230,84552
621290,84552
621310,84611
621320,84611
621390,84611
621410,84612
621420,84612
621430,84612
621440,84612
621490,84612
621510,84613
621520,84613
621590,84613
621600,84614
621710,84619
621790,84619
630110,77585
630120,65831
630130,65832
630140,65833
630190,65839
630210,65841
630221,65842
630222,65843
630229,65843
630231,65842
630232,65843
630239,65843
630240,65844
630251,65845
630252,65846
630253,65846
630259,65846
630260,65847
630291,65847
630292,65848
630293,65848
630299,65848
630311,65851
630312,65851
630319,65851
630391,65851
630392,65851
630399,65851
630411,65852
630419,65852
630491,65859
630492,65859
630493,65859
630499,65859
630510,65811
630520,65812
630531,65813
630539,65813
630590,65819
630611,65821
630612,65821
630619,65821
630621,65822
630622,65822
630629,65822
630631,65823
630639,65823
630641,65824
630649,65824
630691,65829
630699,65829
630710,65892
630720,65893
630790,65893
630800,65899
630900,26901
631010,26902
631090,26902
640110,85111
640191,85131
640192,85131
640199,85131
640211,85121
640219,85123
640220,85132
640230,85113
640291,85132
640299,85132
640311,85122
640319,85124
640320,85141
640330,85142
640340,85115
640351,85148
640359,85148
640391,85148
640399,85148
640411,85125
640419,85151
640420,85152
640510,85149
640520,85159
640590,8517
640610,8519
640620,8519
640691,8519
640699,8519
650100,65761
650200,65762
650300,84841
650400,84842
650510,84843
650590,84843
650610,84844
650691,84845
650692,84849
650699,84849
650700,84848
660110,89941
660191,89941
660199,89941
660200,89942
660310,89949
660320,89949
660390,89949
670100,89992
670210,89921
670290,89929
670300,89994
670411,89995
670419,89995
670420,89995
670490,89995
680100,66131
680210,66133
680221,66134
680222,66135
680223,66135
680229,66135
680291,66136
680292,66139
680293,66139
680299,66139
680300,66132
680410,66311
680421,66312
680422,66312
680423,66312
680430,66313
680510,66321
680520,66322
680530,66329
680610,66351
680620,66352
680690,66353
680710,66181
680790,66181
680800,66182
680911,66331
680919,66331
680990,66331
681011,66332
681019,66332
681020,66334
681091,66333
681099,66334
681110,66183
681120,66183
681130,66183
681190,66183
681210,66381
681220,66381
681230,66381
681240,66381
681250,66381
681260,66381
681270,66381
681290,66381
681310,66382
681390,66382
681410,66335
681490,66335
681510,66336
681520,66337
681591,66338
681599,66339
690100,66231
690210,66232
690220,66232
690290,66232
690310,6637
690320,6637
690390,6637
690410,66241
690490,66241
690510,66242
690590,66242
690600,66243
690710,66244
690790,66244
690810,66245
690890,66245
690911,66391
690919,66391
690990,66391
691010,81221
691090,81229
691110,66611
691190,66612
691200,66613
691310,66621
691390,66629
691410,66399
691490,66399
700100,66411
700210,66412
700220,66412
700231,66412
700232,66412
700239,66412
700311,66451
700319,66451
700320,66452
700330,66453
700410,66431
700490,66439
700510,66441
700521,66441
700529,66441
700530,66442
700600,66491
700711,66471
700719,66471
700721,66472
700729,66472
700800,66492
700910,66481
700991,66489
700992,66489
701010,66592
701090,66511
701110,66493
701120,66493
701190,66493
701200,66512
701310,66521
701321,66522
701329,66522
701331,66523
701332,66523
701339,66523
701391,66529
701399,66529
701400,66595
701510,66494
701590,66494
701610,66594
701690,66496
701710,66591
701720,66591
701790,66591
701810,66593
701820,66593
701890,66593
701910,65195
701920,6546
701931,66495
701932,66495
701939,66495
701990,66495
702000,66599
710110,66711
710121,66712
710122,66713
710210,66721
710221,27711
710229,27719
710231,66722
710239,66729
710310,66731
710391,66739
710399,66739
710410,66741
710420,66742
710490,66749
710510,27721
710590,27721
710610,68114
710691,68113
710692,68114
710700,68112
710811,97101
710812,97101
710813,97101
710900,97102
711011,68123
711019,68125
711021,68124
711029,68125
711031,68124
711039,68125
711041,68124
711049,68125
711100,68122
711210,97103
711220,28921
711290,28929
711311,89731
711319,89731
711320,89731
711411,89732
711419,89732
711420,89732
711510,89741
711590,89749
711610,89733
711620,89733
711711,89721
711719,89721
711790,89729
711810,9610
720110,67121
720120,67122
720130,67123
720140,67123
720211,67141
720219,67149
720221,67151
720229,67151
720230,67152
720241,67153
720249,67153
720250,67154
720260,67155
720270,67159
720280,67159
720291,67159
720292,67159
720293,67159
720299,67159
720310,67133
720390,67133
720410,2821
720421,28221
720429,28229
720430,28231
720441,28232
720449,28239
720450,28233
720510,67131
720521,67132
720529,67132
720610,67241
720690,67245
720711,67261
720712,67262
720719,67269
720720,6727
720811,67311
720812,67311
720813,67312
720814,67312
720821,67321
720822,67321
720823,67322
720824,67322
720831,67313
720832,67314
720833,67314
720834,67315
720835,67315
720841,67323
720842,67324
720843,67324
720844,67325
720845,67325
720890,67351
720911,67331
720912,67332
720913,67333
720914,67334
720921,67341
720922,67342
720923,67343
720924,67344
720931,67335
720932,67336
720933,67337
720934,67338
720941,67345
720942,67346
720943,67347
720944,67348
720990,67352
721011,67421
721012,67421
721020,67441
721031,67411
721039,67411
721041,67413
721049,67413
721050,67442
721060,67443
721070,67431
721090,67444
721111,67316
721112,67317
721119,67319
721121,67326
721122,67327
721129,67329
721130,67339
721141,67349
721149,67349
721190,67353
721210,67422
721221,67412
721229,67412
721230,67414
721240,67432
721250,67451
721260,67452
721310,67611
721320,67612
721331,67613
721339,67613
721341,67613
721349,67613
721350,67614
721410,67643
721420,67621
721430,67622
721440,67623
721450,67623
721460,67624
721510,67631
721520,67632
721530,67632
721540,67633
721590,67644
721610,67681
721621,67681
721622,67681
721631,67682
721632,67682
721633,67682
721640,67682
721650,67683
721660,67684
721690,67685
721711,67811
721712,67811
721713,67811
721719,67811
721721,67812
721722,67812
721723,67812
721729,67812
721731,67813
721732,67813
721733,67813
721739,67813
721810,67247
721890,67281
721911,67531
721912,67531
721913,67532
721914,67533
721921,67534
721922,67534
721923,67535
721924,67536
721931,67551
721932,67552
721933,67553
721934,67554
721935,67555
721990,67571
722011,67537
722012,67538
722020,67556
722090,67572
722100,67615
722210,67625
722220,67634
722230,67645
722240,67687
722300,67821
722410,67249
722490,67282
722510,67511
722520,67521
722530,67541
722540,67542
722550,67561
722590,67573
722610,67512
722620,67522
722691,67543
722692,67562
722699,67574
722710,67617
722720,67619
722790,67619
722810,67641
722820,67642
722830,67629
722840,67646
722850,67639
722860,67647
722870,67688
722880,67648
722910,67829
722920,67829
722990,67829
730110,67686
730120,67686
730210,67701
730220,67709
730230,67709
730240,67709
730290,67709
730300,67911
730410,67912
730420,67913
730431,67914
730439,67914
730441,67915
730449,67915
730451,67916
730459,67916
730490,67917
730511,67931
730512,67931
730519,67931
730520,67932
730531,67933
730539,67933
730590,67939
730610,67941
730620,67942
730630,67943
730640,67943
730650,67943
730660,67944
730690,67949
730711,67951
730719,67952
730721,67953
730722,67954
730723,67955
730729,67956
730791,67959
730792,67959
730793,67959
730799,67959
730810,69111
730820,69112
730830,69113
730840,69114
730890,69119
730900,69211
731010,69241
731021,69241
731029,69241
731100,69243
731210,69311
731290,69311
731300,6932
731411,69351
731419,69351
731420,69351
731430,69351
731441,69351
731442,69351
731449,69351
731450,69351
731511,74831
731512,74832
731519,74839
731520,69921
731581,69922
731582,69922
731589,69922
731590,69922
731600,69961
731700,6941
731811,69421
731812,69421
731813,69421
731814,69421
731815,69421
731816,69421
731819,69421
731821,69422
731822,69422
731823,69422
731824,69422
731829,69422
731910,69931
731920,69932
731930,69932
731990,69931
732010,69941
732020,69941
732090,69941
732111,69731
732112,69731
732113,69731
732181,69732
732182,69732
732183,69732
732190,69733
732211,81211
732219,81211
732290,81215
732310,69744
732391,69741
732392,69741
732393,69741
732394,69741
732399,69741
732410,69751
732421,69751
732429,69751
732490,69751
732510,69962
732591,69963
732599,69963
732611,69965
732619,69965
732620,69967
732690,69969
740110,28321
740120,28322
740200,68211
740311,68212
740312,68212
740313,68212
740319,68212
740321,68214
740322,68214
740323,68214
740329,68214
740400,28821
740500,68213
740610,68262
740620,68262
740710,68231
740721,68232
740722,68232
740729,68232
740811,68241
740819,68241
740821,68242
740822,68242
740829,68242
740911,68251
740919,68251
740921,68252
740929,68252
740931,68252
740939,68252
740940,68252
740990,68252
741011,68261
741012,68261
741021,68261
741022,68261
741110,68271
741121,68271
741122,68271
741129,68271
741210,68272
741220,68272
741300,69312
741410,69352
741490,69352
741510,69431
741521,69432
741529,69432
741531,69433
741532,69433
741539,69433
741600,69942
741700,69734
741810,69742
741820,69752
741910,69971
741991,69973
741999,69973
750110,28421
750120,28422
750210,68311
750220,68312
750300,28822
750400,68323
750511,68321
750512,68321
750521,68321
750522,68321
750610,68324
750620,68324
750711,68322
750712,68322
750720,68322
750800,69975
760110,68411
760120,68412
760200,28823
760310,68425
760320,68425
760410,68421
760421,68421
760429,68421
760511,68422
760519,68422
760521,68422
760529,68422
760611,68423
760612,68423
760691,68423
760692,68423
760711,68424
760719,68424
760720,68424
760810,68426
760820,68426
760900,68427
761010,69121
761090,69129
761100,69212
761210,69242
761290,69242
761300,69244
761410,69313
761490,69313
761510,69743
761520,69753
761610,6944
761690,69979
780110,68512
780191,68511
780199,68511
780200,28824
780300,68521
780411,68522
780419,68522
780420,68522
780500,68524
780600,69976
790111,68611
790112,68611
790120,68612
790200,28825
790310,68633
790390,68633
790400,68631
790500,68632
790600,68634
790710,69977
790790,69977
800110,68711
800120,68712
800200,28826
800300,68721
800400,68722
800510,68723
800520,68723
800600,68724
800700,69978
810110,68911
810191,68911
810192,69991
810193,69991
810199,69991
810210,68912
810291,68912
810292,69992
810293,69992
810299,69992
810310,68913
810390,69993
810411,68915
810419,68915
810420,68914
810430,69994
810490,69994
810510,68981
810590,69981
810600,68992
810710,68982
810790,69983
810810,68983
810890,69985
810910,68984
810990,69987
811000,68993
811100,68994
811211,68991
811219,69995
811220,68995
811230,68996
811240,68997
811291,68998
811299,69999
811300,68999
820110,6951
820120,6951
820130,6951
820140,6951
820150,6951
820160,6951
820190,6951
820210,69521
820220,69551
820231,69552
820232,69553
820240,69554
820291,69555
820299,69559
820310,69522
820320,69523
820330,69523
820340,69523
820411,6953
820412,6953
820420,6953
820510,69541
820520,69542
820530,69543
820540,69544
820551,69545
820559,69546
820560,69546
820570,69547
820580,69548
820590,69549
820600,6957
820711,69563
820712,69563
820720,69564
820730,69564
820740,69564
820750,69564
820760,69564
820770,69564
820780,69564
820790,69564
820810,69561
820820,69561
820830,69561
820840,69561
820890,69561
820900,69562
821000,69781
821110,6968
821191,6968
821192,6968
821193,6968
821194,6968
821210,69631
821220,69635
821290,69638
821300,6964
821410,69651
821420,69655
821490,69659
821510,69661
821520,69662
821591,69663
821599,69669
830110,69911
830120,69911
830130,69911
830140,69911
830150,69911
830160,69911
830170,69911
830210,69913
830220,69914
830230,69915
830241,69916
830242,69917
830249,69919
830250,69919
830260,69919
830300,69912
830400,89511
830510,89512
830520,89512
830590,89512
830610,69952
830621,69782
830629,69782
830630,69782
830710,69951
830790,69951
830810,69933
830820,69933
830890,69933
830910,69953
830990,69953
831000,69954
831110,69955
831120,69955
831130,69955
831190,69955
840110,71871
840120,72847
840130,71877
840140,71878
840211,71111
840212,71111
840219,71111
840220,71112
840290,71191
840310,81217
840390,81219
840410,71121
840420,71122
840490,71192
840510,74171
840590,74172
840611,71211
840619,71219
840690,7128
840710,71311
840721,71331
840729,71332
840731,71321
840732,71321
840733,71321
840734,71322
840790,71381
840810,71333
840820,71323
840890,71382
840910,71319
840991,71391
840999,71392
841011,71811
841012,71811
841013,71811
841090,71819
841111,71441
841112,71441
841121,71481
841122,71481
841181,71489
841182,71489
841191,71491
841199,71499
841210,71449
841221,71891
841229,71893
841231,71892
841239,71893
841280,71893
841290,71899
841311,74211
841319,74219
841320,74271
841330,7422
841340,7423
841350,7424
841360,7425
841370,7426
841381,74271
841382,74275
841391,74291
841392,74295
841410,74311
841420,74313
841430,74315
841440,74317
841451,74341
841459,74343
841460,74345
841480,74319
841490,7438
841510,74151
841581,74155
841582,74155
841583,74155
841590,74159
841610,74121
841620,74123
841630,74125
841690,74128
841710,74136
841720,74137
841780,74138
841790,74139
841810,77521
841821,77521
841822,77521
841829,77521
841830,77522
841840,77522
841850,74143
841861,74145
841869,74145
841891,74149
841899,74149
841911,74181
841919,74182
841920,74183
841931,74184
841932,74185
841939,74186
841940,74173
841950,74174
841960,74175
841981,74187
841989,74189
841990,7419
842010,74591
842091,74593
842099,74593
842111,74351
842112,74355
842119,74359
842121,74361
842122,74362
842123,74363
842129,74367
842131,74364
842139,74369
842191,74391
842199,74395
842211,7753
842219,74521
842220,74523
842230,74527
842240,74527
842290,74529
842310,74532
842320,74531
842330,74531
842381,74531
842382,74531
842389,74531
842390,74539
842410,74561
842420,74562
842430,74563
842481,74564
842489,74565
842490,74568
842511,74421
842519,74421
842520,74423
842531,74425
842539,74425
842541,74441
842542,74443
842549,74449
842611,74431
842612,74432
842619,74433
842620,74434
842630,74435
842641,74437
842649,74437
842691,74439
842699,74439
842710,74411
842720,74412
842790,74413
842810,74481
842820,74471
842831,74472
842832,74473
842833,74474
842839,74479
842840,74485
842850,74489
842860,74489
842890,74489
842911,72311
842919,72311
842920,72312
842930,72331
842940,72333
842951,72321
842952,72322
842959,72329
843010,72341
843020,72342
843031,72335
843039,72343
843041,72337
843049,72344
843050,72339
843061,72345
843062,72346
843069,72347
843110,74491
843120,74492
843131,74493
843139,74494
843141,72391
843142,72392
843143,72393
843149,72399
843210,72111
843221,72113
843229,72113
843230,72112
843240,72112
843280,72118
843290,72119
843311,72121
843319,72121
843320,72123
843330,72123
843340,72123
843351,72122
843352,72123
843353,72123
843359,72123
843360,72126
843390,72129
843410,72131
843420,72138
843490,72139
843510,72191
843590,72198
843610,72196
843621,72195
843629,72195
843680,72196
843691,72199
843699,72199
843710,72127
843780,72711
843790,72719
843810,72722
843820,72722
843830,72722
843840,72722
843850,72722
843860,72722
843880,72722
843890,72729
843910,72511
843920,72512
843930,72512
843991,72591
843999,72591
844010,72681
844090,72689
844110,72521
844120,72523
844130,72525
844140,72527
844180,72529
844190,72599
844210,72631
844220,72631
844230,72631
844240,72691
844250,72635
844311,72651
844312,72655
844319,72659
844321,72661
844329,72661
844330,72663
844340,72665
844350,72667
844360,72668
844390,72699
844400,72441
844511,72442
844512,72442
844513,72442
844519,72442
844520,72443
844530,72443
844540,72443
844590,72454
844610,72451
844621,72451
844629,72451
844630,72451
844711,72452
844712,72452
844720,72452
844790,72453
844811,72461
844819,72461
844820,72449
844831,72449
844832,72449
844833,72449
844839,72449
844841,72467
844842,72467
844849,72467
844851,72468
844859,72468
844900,72455
845011,77511
845012,77511
845019,77511
845020,72471
845090,72491
845110,72472
845121,77512
845129,72473
845130,72474
845140,72474
845150,72474
845180,72474
845190,72492
845210,72433
845221,72435
845229,72435
845230,72439
845240,72439
845290,72439
845310,72481
845320,72483
845380,72485
845390,72488
845410,73711
845420,73711
845430,73712
845490,73719
845510,73721
845521,73721
845522,73721
845530,73729
845590,73729
845610,73111
845620,73112
845630,73113
845690,73114
845710,73121
845720,73122
845730,73123
845811,73131
845819,73137
845891,73135
845899,73139
845910,73141
845921,73142
845929,73143
845931,73144
845939,73145
845940,73146
845951,73151
845959,73152
845961,73153
845969,73154
845970,73157
846011,73161
846019,73162
846021,73163
846029,73164
846031,73165
846039,73166
846040,73167
846090,73169
846110,73178
846120,73171
846130,73173
846140,73175
846150,73177
846190,73179
846210,73311
846221,73312
846229,73313
846231,73314
846239,73315
846241,73316
846249,73317
846291,73318
846299,73318
846310,73391
846320,73393
846330,73395
846390,73399
846410,72811
846420,72811
846490,72811
846510,72812
846591,72812
846592,72812
846593,72812
846594,72812
846595,72812
846596,72812
846599,72812
846610,73511
846620,73513
846630,73515
846691,72819
846692,72819
846693,73591
846694,73595
846711,74511
846719,74511
846781,74512
846789,74512
846791,74519
846792,74519
846799,74519
846810,73741
846820,73742
846880,73743
846890,73749
846910,75113
846921,75115
846929,75116
846931,75118
846939,75119
847010,75121
847021,75122
847029,75122
847030,75122
847040,75123
847050,75124
847090,75128
847110,7521
847120,7522
847191,7523
847192,7526
847193,7527
847199,7529
847210,75191
847220,75192
847230,75193
847290,75199
847310,75991
847321,75995
847329,75995
847330,75997
847340,7599
847410,72831
847420,72832
847431,72833
847432,72833
847439,72833
847480,72834
847490,72839
847510,72841
847520,72841
847590,72851
847611,74595
847619,74595
847690,74597
847710,72842
847720,72842
847730,72842
847740,72842
847751,72842
847759,72842
847780,72842
847790,72852
847810,72843
847890,72853
847910,72348
847920,72721
847930,72844
847940,72849
847981,72846
847982,72849
847989,72849
847990,72855
848010,74911
848020,74912
848030,74913
848041,74914
848049,74915
848050,74916
848060,74917
848071,74918
848079,74919
848110,7471
848120,7472
848130,7473
848140,7474
848180,7478
848190,7479
848210,7461
848220,7462
848230,7463
848240,7464
848250,7465
848280,7468
848291,74691
848299,74699
848310,7481
848320,74821
848330,74822
848340,7484
848350,7485
848360,7486
848390,7489
848410,7492
848490,7492
848510,74991
848590,74999
850110,7161
850120,71631
850131,7162
850132,7162
850133,7162
850134,7162
850140,71631
850151,71631
850152,71631
850153,71631
850161,71632
850162,71632
850163,71632
850164,71632
850211,71651
850212,71651
850213,71651
850220,71651
850230,71652
850240,7164
850300,7169
850410,77123
850421,77111
850422,77111
850423,77111
850431,77119
850432,77119
850433,77119
850434,77119
850440,77121
850450,77125
850490,77129
850511,77881
850519,77881
850520,77881
850530,77881
850590,77881
850611,77811
850612,77811
850613,77811
850619,77811
850620,77811
850690,77817
850710,77812
850720,77812
850730,77812
850740,77812
850780,77812
850790,77819
850810,77841
850820,77843
850880,77845
850890,77848
850910,77571
850920,77571
850930,77573
850940,77572
850980,77573
850990,77579
851010,77541
851020,77542
851090,77549
851110,77831
851120,77831
851130,77831
851140,77831
851150,77831
851180,77831
851190,77833
851210,77834
851220,77834
851230,77834
851240,77834
851290,77835
851310,81312
851390,8138
851410,74131
851420,74132
851430,74133
851440,74134
851490,74135
851511,73731
851519,73732
851521,73733
851529,73734
851531,73735
851539,73736
851580,73737
851590,73739
851610,77581
851621,77582
851629,77582
851631,77583
851632,77583
851633,77583
851640,77584
851650,77586
851660,77586
851671,77587
851672,77587
851679,77587
851680,77588
851690,77589
851710,76411
851720,76413
851730,76415
851740,76417
851781,76419
851782,76419
851790,76491
851810,76421
851821,76422
851822,76422
851829,76423
851830,76424
851840,76425
851850,76426
851890,76492
851910,76331
851921,76333
851929,76333
851931,76335
851939,76335
851940,76382
851991,76383
851999,76383
852010,76384
852020,76384
852031,76384
852039,76384
852090,76384
852110,76381
852190,76381
852210,76499
852290,76499
852311,89841
852312,89843
852313,89845
852320,89851
852390,89859
852410,89871
852421,89861
852422,89865
852423,89867
852490,89879
852510,76431
852520,76432
852530,76482
852610,76483
852691,76483
852692,76483
852711,76221
852719,76222
852721,76211
852729,76212
852731,76281
852732,76282
852739,76289
852790,76481
852810,7611
852820,7612
852910,76493
852990,76493
853010,77882
853080,77882
853090,77883
853110,77884
853120,77884
853180,77884
853190,77885
853210,77861
853221,77862
853222,77863
853223,77864
853224,77865
853225,77866
853229,77867
853230,77868
853290,77869
853310,77231
853321,77232
853329,77232
853331,77233
853339,77233
853340,77235
853390,77238
853400,7722
853510,77241
853521,77242
853529,77243
853530,77244
853540,77245
853590,77249
853610,77251
853620,77252
853630,77253
853641,77254
853649,77254
853650,77255
853661,77257
853669,77258
853690,77259
853710,77261
853720,77262
853810,77281
853890,77282
853910,77823
853921,77821
853922,77821
853929,77821
853931,77822
853939,77822
853940,77824
853990,77829
854011,77611
854012,77612
854020,77621
854030,77623
854041,77625
854042,77625
854049,77625
854081,77627
854089,77627
854091,77629
854099,77629
854110,77631
854121,77632
854129,77633
854130,77635
854140,77637
854150,77639
854160,77681
854190,77688
854211,77641
854219,77643
854220,77645
854280,77649
854290,77689
854310,77871
854320,77878
854330,77878
854380,77878
854390,77879
854411,77311
854419,77311
854420,77312
854430,77313
854441,77314
854449,77314
854451,77315
854459,77315
854460,77317
854470,77318
854511,77886
854519,77886
854520,77886
854590,77886
854610,77322
854620,77323
854690,77324
854710,77326
854720,77328
854790,77329
854800,77889
860110,79111
860120,79115
860210,79121
860290,79129
860310,7916
860390,7916
860400,79181
860500,7917
860610,79182
860620,79182
860630,79182
860691,79182
860692,79182
860699,79182
860711,79199
860712,79199
860719,79199
860721,79199
860729,79199
860730,79199
860791,79199
860799,79199
860800,79191
860900,7863
870110,72241
870120,7832
870130,7223
870190,72249
870210,78311
870290,78319
870310,7811
870321,7812
870322,7812
870323,7812
870324,7812
870331,7812
870332,7812
870333,7812
870390,7812
870410,78211
870421,78219
870422,78219
870423,78219
870431,78219
870432,78219
870490,78219
870510,78221
870520,78223
870530,78225
870540,78227
870590,78229
870600,7841
870710,78421
870790,78425
870810,78431
870821,78432
870829,78432
870831,78433
870839,78433
870840,78434
870850,78435
870860,78436
870870,78439
870880,78439
870891,78439
870892,78439
870893,78439
870894,78439
870899,78439
870911,74414
870919,74415
870990,74419
871000,89111
871110,78511
871120,78513
871130,78515
871140,78516
871150,78517
871190,78519
871200,7852
871310,78531
871390,78531
871411,78535
871419,78535
871420,78536
871491,78537
871492,78537
871493,78537
871494,78537
871495,78537
871496,78537
871499,78537
871500,8941
871610,7861
871620,78621
871631,78622
871639,78629
871640,78683
871680,78685
871690,78689
880110,79281
880190,79282
880211,79211
880212,79215
880220,7922
880230,7923
880240,7924
880250,7925
880310,79291
880320,79293
880330,79295
880390,79297
880400,89996
880510,79283
880520,79283
890110,79328
890120,79322
890130,79326
890190,79327
890200,79324
890310,79311
890391,79312
890392,79319
890399,79319
890400,7937
890510,79351
890520,79355
890590,79359
890600,79329
890710,79391
890790,79399
890800,7933
900110,88419
900120,88419
900130,88411
900140,88415
900150,88417
900190,88419
900211,88431
900219,88432
900220,88433
900290,88439
900311,88421
900319,88421
900390,88422
900410,88423
900490,88423
900510,87111
900580,87115
900590,87119
900610,88111
900620,88111
900630,88111
900640,88111
900651,88111
900652,88111
900653,88111
900659,88111
900661,88113
900662,88112
900669,88113
900691,88114
900699,88115
900711,88121
900719,88121
900721,88122
900729,88122
900791,88123
900792,88124
900810,88132
900820,88131
900830,88132
900840,88133
900890,88134
900911,75131
900912,75132
900921,75133
900922,75134
900930,75135
900990,7591
901010,88135
901020,88135
901030,88135
901090,88136
901110,87141
901120,87143
901180,87145
901190,87149
901210,87131
901290,87139
901310,87191
901320,87192
901380,87193
901390,87199
901410,87411
901420,87411
901480,87411
901490,87412
901510,87413
901520,87413
901530,87413
901540,87413
901580,87413
901590,87414
901600,87451
901710,87422
901720,87422
901730,87423
901780,87423
901790,87424
901811,77411
901819,77412
901820,77413
901831,87221
901832,87221
901839,87221
901841,87211
901849,87219
901850,87225
901890,87229
901910,87231
901920,87233
902000,87235
902111,89963
902119,89963
902121,89965
902129,89965
902130,89966
902140,89961
902150,89967
902190,89969
902211,77421
902219,77421
902221,77422
902229,77422
902230,77423
902290,77429
902300,87452
902410,87453
902480,87453
902490,87454
902511,87455
902519,87455
902520,87455
902580,87455
902590,87456
902610,87431
902620,87435
902680,87437
902690,87439
902710,87441
902720,87442
902730,87443
902740,87444
902750,87445
902780,87446
902790,87449
902810,87311
902820,87313
902830,87315
902890,87319
902910,87321
902920,87325
902990,87329
903010,87471
903020,87473
903031,87475
903039,87475
903040,87477
903081,87478
903089,87478
903090,87479
903110,87425
903120,87425
903130,87425
903140,87425
903180,87425
903190,87426
903210,87461
903220,87463
903281,87465
903289,87465
903290,87469
903300,8749
910111,88531
910112,88531
910119,88531
910121,88532
910129,88532
910191,88539
910199,88539
910211,88541
910212,88541
910219,88541
910221,88542
910229,88542
910291,88549
910299,88549
910310,88572
910390,88573
910400,88571
910511,88574
910519,88575
910521,88576
910529,88577
910591,88578
910599,88579
910610,88594
910620,88594
910690,88594
910700,88595
910811,88551
910812,88551
910819,88551
910820,88552
910891,88552
910899,88552
910911,88596
910919,88596
910990,88596
911011,88598
911012,88598
911019,88598
911090,88598
911110,88591
911120,88591
911180,88591
911190,88591
911210,88597
911280,88597
911290,88597
911310,88592
911320,88592
911390,88593
911410,88599
911420,88599
911430,88599
911440,88599
911490,88599
912,03412
919,03412
920110,89813
920120,89813
920190,89813
920210,89815
920290,89815
920300,89821
920410,89822
920420,89822
920510,89823
920590,89823
920600,89824
920710,89825
920790,89826
920810,89829
920890,89829
920910,8989
920920,8989
920930,8989
920991,8989
920992,8989
920993,8989
920994,8989
920999,8989
930100,89112
930200,89114
930310,89131
930320,89131
930330,89131
930390,89131
930400,89139
930510,89191
930521,89193
930529,89195
930590,89199
930610,89121
930621,89122
930629,89123
930630,89124
930690,89129
930700,89113
940110,82111
940120,82112
940130,82114
940140,82115
940150,82113
940161,82116
940169,82116
940171,82117
940179,82117
940180,82118
940190,82119
940210,8724
940290,8724
940310,82131
940320,82139
940330,82151
940340,82153
940350,82155
940360,82159
940370,82171
940380,82179
940390,8218
940410,82121
940421,82123
940429,82125
940430,82127
940490,82129
940510,81311
940520,81313
940530,89441
940540,81315
940550,81317
940560,8132
940591,81391
940592,81392
940599,81399
940600,8110
950100,89421
950210,89422
950291,89423
950299,89423
950310,89424
950320,89424
950330,89424
950341,89425
950349,89425
950350,89426
950360,89427
950370,89429
950380,89429
950390,89429
950410,89431
950420,89433
950430,89435
950440,89437
950490,89439
950510,89445
950590,89449
950611,89473
950612,89473
950619,89473
950621,89474
950629,89474
950631,89475
950632,89475
950639,89475
950640,89479
950651,89476
950659,89476
950661,89479
950662,89479
950669,89479
950670,89472
950691,89478
950699,89479
950710,89471
950720,89471
950730,89471
950790,89471
950800,8946
960110,89911
960190,89911
960200,89919
960310,89972
960321,89972
960329,89972
960330,89972
960340,89972
960350,89972
960390,89972
960400,89981
960500,8313
960610,89983
960621,89983
960622,89983
960629,89983
960630,89984
960711,89985
960719,89985
960720,89986
960810,89521
960820,89521
960831,89521
960839,89521
960840,89521
960850,89521
960860,89521
960891,89522
960899,89521
960910,89523
960920,89523
960990,89523
961000,89592
961100,89593
961210,89594
961220,89594
961310,89933
961320,89933
961330,89933
961380,89933
961390,89935
961410,89936
961420,89937
961490,89937
961511,89989
961519,89989
961590,89989
961610,89987
961620,89982
961700,89997
961800,89988
970110,89611
970190,89612
970200,8962
970300,8963
970400,8964
970500,8965
970600,8966
